{
  "num_epochs": 7,
  "validation_losses": {
    "satellite": 0.48026859991758775,
    "map": 0.07893298392735638,
    "both": 0.08422618330393022
  },
  "training_histories": {
    "satellite": {
      "train_loss": [
        1.0364485869528737,
        0.8221610118573061,
        0.6748602299476909,
        0.6044134074572064,
        0.5384274772678062,
        0.5045921067372775,
        0.4805477306949473
      ],
      "val_loss": [
        0.8869918480660152,
        0.7883691058575528,
        0.7022343463110692,
        0.5688474351919971,
        0.515930937331857,
        0.5122546747471522,
        0.48026859991758775
      ],
      "train_iou": [
        0.28670377384584683,
        0.36048384540929246,
        0.448004446637172,
        0.49537148892592925,
        0.5401091228884,
        0.5642492106327643,
        0.5799710386647627
      ],
      "val_iou": [
        0.3382175862789154,
        0.37278829973477584,
        0.41409697784827304,
        0.5222652898384974,
        0.5575839877128601,
        0.5596963717387273,
        0.5856130902583783
      ]
    },
    "map": {
      "train_loss": [
        0.6056432156061174,
        0.2016300027683251,
        0.12591235836046638,
        0.10137017020795769,
        0.09009501381249065,
        0.08881388080307477,
        0.08388325345883779
      ],
      "val_loss": [
        0.30526911141802965,
        0.1370504495588321,
        0.23352258760952255,
        0.09278583996793599,
        0.0850689481328992,
        0.6267928764658067,
        0.07893298392735638
      ],
      "train_iou": [
        0.8434070862399844,
        0.9006764390147649,
        0.9053889117561854,
        0.9117415627607932,
        0.9147713516767209,
        0.9130078617196816,
        0.9157095276392423
      ],
      "val_iou": [
        0.8939712368524991,
        0.9123982512033902,
        0.7828747034072876,
        0.913844149846297,
        0.9196821886759537,
        0.40455853709807765,
        0.9221773674854865
      ]
    },
    "both": {
      "train_loss": [
        0.5459883667465565,
        0.1900581314421046,
        0.1176449296119856,
        0.1083937293637044,
        0.09462449390625867,
        0.09175550079979948,
        0.08477585248315782
      ],
      "val_loss": [
        0.40964168715245514,
        0.1324393381771532,
        0.10317807680773504,
        0.11744636384028832,
        0.08677241437643476,
        0.08422618330393022,
        0.08741213851472707
      ],
      "train_iou": [
        0.8006957126064942,
        0.8869119871121186,
        0.9065481195083032,
        0.9024132249447016,
        0.9088640018151357,
        0.9099471626373438,
        0.9143323812347192
      ],
      "val_iou": [
        0.7593632913552798,
        0.8973877682135656,
        0.9106189150076646,
        0.8892658605025365,
        0.9150393009185791,
        0.9175572739197657,
        0.9142485375587757
      ]
    }
  }
}